"","Participant.Public.ID","sur_rate","hap_rate","ang_rate","amb_rate","pos_rate","neg_rate","amw_rate","pow_rate","new_rate","all_amb_rate","all_pos_rate","all_neg_rate","sur_rt","hap_rt","ang_rt","amb_rt","pos_rt","neg_rt","amw_rt","pow_rt","new_rt","sur_neg_rt","sur_pos_rt","amb_neg_rt","amb_pos_rt","amw_neg_rt","amw_pos_rt","face_bad","iaps_bad","word_bad","bad","sex","age","race"
"1","9jluys9h",0.416666666666667,0.0833333333333333,0.75,0.75,0.0833333333333333,0.916666666666667,0.290322580645161,0.125,1,0.468354430379747,0.1,0.897435897435897,637.690833313779,505.532916693483,534.407083313757,582.462708320236,558.714999972532,535.174166686678,697.549838715443,586.922187489108,606.4846666685,646.778000006452,646.778000006452,646.778000006452,646.778000006452,646.778000006452,646.778000006452,0,0,0,0,"Male",48,"White - not of Hispanic Origin"
"2","vgujmtxj",0.458333333333333,0,0.916666666666667,0.416666666666667,0.0833333333333333,0.75,0.71875,0,1,0.55,0.025,0.9,710.333333333333,658.75,665.833333333333,878.458333333333,893.333333333333,798.083333333333,833.4375,709.3125,760.875,682.909090909091,682.909090909091,682.909090909091,682.909090909091,682.909090909091,682.909090909091,0,0,0,0,"Female",52,"White - not of Hispanic Origin"
